node,pr,auth,hub
1,0.2802877979895022,0.13948389234726488,0.275453176929912
2,0.15876448951901667,0.1779120316926965,0.047762306126684764
3,0.13888181834654026,0.20082320551043406,0.10868323956444124
4,0.10821959871158994,0.14017775327021473,0.19865955678939315
5,0.18419812529318974,0.20142536390917504,0.1837345990320517
6,0.06057067305337443,0.05608926160188146,0.11673471384210096
7,0.06907749708678694,0.08408849166833325,0.06897240771541621
