node,pr,auth,hub
1,0.034804641331948244,0.0,0.1786477263872648
2,0.07599098531229717,0.27819948093363217,0.09452838803341909
3,0.12472916693264684,0.05798360259468564,0.2385715011704428
4,0.18240387456854626,0.08316444097024042,0.26184889549993134
5,0.2506536900170905,0.29788026277334584,0.22640348890894196
6,0.33141764183747113,0.28277221272809594,0.0
