node,pr,auth,hub
1,0.17543859649122784,0.2287511949990199,0.18387810161972726
2,0.3245614035087725,0.24790678027432567,0.3205129705423691
3,0.32456140350877144,0.3701272084755692,0.2975210182075258
4,0.17543859649122834,0.15321481625108524,0.19808790963037795
