node,pr,auth,hub
1,0.2000000000000005,0.20379396240620876,0.3517426683944874
2,0.1999999999999991,0.24187816301238874,0.20901173712668386
3,0.20000000000000007,0.13890615155019964,0.13387220679265097
4,0.19999999999999968,0.183140978730289,0.02600570798519821
5,0.20000000000000057,0.23228074430091392,0.2793676797009795
