node,pr,auth,hub
1,0.2000000000000002,0.15904556034081208,0.3083976224577519
2,0.19999999999999937,0.3104813245451591,0.10310741080411316
3,0.2000000000000007,0.22879749392559248,0.06738988891864983
4,0.20000000000000015,0.06041659048008164,0.42514239984470303
5,0.19999999999999957,0.2412590307083548,0.09596267797478218
